UniProt_ID	G2C	SynaptomeDB	SynGO	GO
AMPH_HUMAN	+	+	-	-
SYNJ1_HUMAN	+	+	+	-
SH3G1_HUMAN	+	+	+	-
DYN1_HUMAN	+	+	-	-
DYN2_HUMAN	+	+	+	+
DYN3_HUMAN	+	+	+	+
EPS15_HUMAN	-	-	+	-
SOS1_HUMAN	-	+	-	+
ABI1_HUMAN	+	+	+	+
ABL1_HUMAN	-	-	+	-
WASF1_HUMAN	+	+	+	-
REPS2_HUMAN	+	+	-	-
RBP1_HUMAN	-	-	+	-
EPN1_HUMAN	-	-	+	-
1433Z_HUMAN	+	+	+	-
1433F_HUMAN	+	+	-	-
1433T_HUMAN	+	+	-	-
RASH_HUMAN	-	+	+	-
MP2K1_HUMAN	+	+	+	-
MP2K2_HUMAN	+	+	-	-
DTNA_HUMAN	+	+	-	-
UTRN_HUMAN	-	-	-	+
DRP2_HUMAN	-	-	+	+
DMD_HUMAN	-	+	+	+
PDIA3_HUMAN	+	+	-	-
CSK21_HUMAN	+	+	-	-
GRB2_HUMAN	-	+	-	-
IMA5_HUMAN	+	+	+	+
PABP1_HUMAN	+	+	-	-
PCBP1_HUMAN	+	+	+	-
PCBP2_HUMAN	+	+	+	+
PSN2_HUMAN	-	-	+	-
UBP8_HUMAN	-	-	+	+
NHRF2_HUMAN	+	+	-	-
UBC_HUMAN	+	+	-	-
RASM_HUMAN	+	+	-	-
JAK2_HUMAN	-	-	+	-
MK10_HUMAN	-	+	+	-
ARRB2_HUMAN	-	-	+	+
1433E_HUMAN	+	+	+	-
1433B_HUMAN	+	+	-	-
IGF1R_HUMAN	-	-	+	-
ITSN1_HUMAN	+	+	+	-
EP15R_HUMAN	+	+	-	-
NUMB_HUMAN	-	-	+	-
CTBP1_HUMAN	+	+	-	-
SRC_HUMAN	+	+	+	+
PSN1_HUMAN	-	-	+	-
FLNA_HUMAN	+	+	+	-
GRB10_HUMAN	-	+	-	-
NEDD4_HUMAN	-	+	+	-
MAGI2_HUMAN	+	+	+	+
SORCN_HUMAN	+	+	-	-
IF4G1_HUMAN	+	+	+	-
PKP4_HUMAN	+	+	-	+
HS71B_HUMAN	+	+	-	-
HS71A_HUMAN	+	+	-	-
NCK2_HUMAN	-	-	-	+
DOCK1_HUMAN	+	+	-	-
ITB1_HUMAN	-	-	+	-
ITA3_HUMAN	-	-	+	-
DAG1_HUMAN	-	-	+	+
SNTA1_HUMAN	+	+	-	+
MK01_HUMAN	+	+	+	-
MK03_HUMAN	+	+	-	-
DTNB_HUMAN	-	-	-	+
IF4E_HUMAN	-	+	+	-
4EBP1_HUMAN	-	-	+	-
4EBP2_HUMAN	-	-	+	-
M3K12_HUMAN	-	+	-	-
JIP1_HUMAN	-	+	-	-
SRBS2_HUMAN	+	+	-	-
PACN1_HUMAN	+	+	+	-
SH3G2_HUMAN	+	+	+	-
PP1A_HUMAN	+	+	+	-
HD_HUMAN	+	+	+	+
CSKP_HUMAN	+	+	-	-
RP3A_HUMAN	+	+	-	+
HS90B_HUMAN	+	+	-	-
MYPT1_HUMAN	+	+	-	-
FLNC_HUMAN	-	+	-	-
LYN_HUMAN	+	+	+	+
FAK1_HUMAN	+	+	+	-
ACTN2_HUMAN	+	+	+	-
KCNA4_HUMAN	-	-	+	-
TBK1_HUMAN	+	+	-	-
MAG_HUMAN	+	+	-	-
SHC1_HUMAN	-	+	-	-
FYN_HUMAN	+	+	+	+
HNRPK_HUMAN	+	+	+	-
HGS_HUMAN	+	+	-	-
AP2M1_HUMAN	+	+	+	-
SNTB2_HUMAN	+	+	-	-
NOS1_HUMAN	-	+	+	+
SYNEM_HUMAN	+	+	-	-
IF4B_HUMAN	-	+	+	-
EIF3A_HUMAN	-	-	+	+
HSPB1_HUMAN	+	+	-	-
RAF1_HUMAN	-	+	-	-
ACHA4_HUMAN	-	-	+	+
RABE1_HUMAN	-	+	-	-
AIFM1_HUMAN	-	+	-	-
GGA3_HUMAN	+	+	-	-
CLH1_HUMAN	+	+	-	-
AP1G1_HUMAN	+	+	-	-
SNP25_HUMAN	+	+	-	-
1433S_HUMAN	+	+	-	-
BAD_HUMAN	-	+	-	-
TRAF3_HUMAN	-	+	-	-
VDAC1_HUMAN	+	+	+	-
ADT1_HUMAN	+	+	-	-
DLRB1_HUMAN	+	+	-	-
DLRB2_HUMAN	+	+	-	-
CDC42_HUMAN	+	+	+	-
PAK1_HUMAN	+	+	+	-
IQGA1_HUMAN	+	+	-	-
E2AK2_HUMAN	+	+	-	-
A4_HUMAN	-	+	-	-
LCK_HUMAN	-	+	+	-
CRKL_HUMAN	+	+	+	+
CTNB1_HUMAN	+	+	+	+
KPCI_HUMAN	-	-	+	-
ZO1_HUMAN	+	+	-	-
ENPL_HUMAN	+	+	-	-
BCR_HUMAN	+	+	+	+
HCK_HUMAN	+	+	-	-
CXA1_HUMAN	+	+	-	-
RS19_HUMAN	+	+	+	+
CYBP_HUMAN	+	+	-	-
SH3K1_HUMAN	-	+	-	-
SH3G3_HUMAN	+	+	+	+
VPS28_HUMAN	-	+	-	-
TS101_HUMAN	+	+	-	-
FGF2_HUMAN	+	+	-	-
IF4A2_HUMAN	+	+	-	-
RAC2_HUMAN	-	+	-	-
RADI_HUMAN	+	+	+	-
GDIR1_HUMAN	+	+	-	-
TNPO1_HUMAN	+	+	-	-
PLCG1_HUMAN	+	+	-	-
AGAP2_HUMAN	+	+	+	-
STRN_HUMAN	-	+	-	+
DESM_HUMAN	+	+	-	-
SGCD_HUMAN	+	+	-	-
SPN90_HUMAN	+	+	-	-
HIP1_HUMAN	+	+	+	+
AP2A1_HUMAN	+	+	-	-
EPS8_HUMAN	-	-	+	+
TBA1A_HUMAN	+	+	-	-
DCTN1_HUMAN	+	+	-	-
TBA4A_HUMAN	+	+	-	-
CSN3_HUMAN	-	+	-	-
CSKI1_HUMAN	+	+	-	-
NDKB_HUMAN	-	+	-	-
WASL_HUMAN	+	+	+	-
PX11B_HUMAN	+	+	-	-
KS6B1_HUMAN	-	+	+	-
RS6_HUMAN	-	+	+	-
MTOR_HUMAN	-	-	+	-
PDPK1_HUMAN	+	+	-	+
AKT1_HUMAN	-	+	+	-
SYT11_HUMAN	-	-	+	+
IRS1_HUMAN	-	+	-	-
KIF5A_HUMAN	+	+	-	-
KINH_HUMAN	+	+	-	-
KIF5C_HUMAN	+	+	+	-
REEP5_HUMAN	+	+	-	-
ASAP1_HUMAN	-	-	+	-
EVL_HUMAN	+	+	-	-
RTN4_HUMAN	+	+	+	+
RANB9_HUMAN	-	+	-	-
CALM2_HUMAN	+	+	-	-
RALA_HUMAN	+	+	+	-
CALM3_HUMAN	+	+	-	-
CALM1_HUMAN	+	+	-	-
PLCD1_HUMAN	+	+	-	-
SNP23_HUMAN	-	-	+	-
EF2K_HUMAN	-	-	+	+
CRYAB_HUMAN	+	+	-	+
PIN1_HUMAN	+	+	+	+
P2RY1_HUMAN	-	-	-	+
AA1R_HUMAN	-	-	+	+
CRK_HUMAN	-	-	+	-
STX1A_HUMAN	+	+	+	+
HS90A_HUMAN	+	+	+	-
CALX_HUMAN	-	+	+	+
KAP0_HUMAN	+	+	-	-
AKAP1_HUMAN	-	-	+	-
TSC2_HUMAN	+	+	+	+
1433G_HUMAN	+	+	-	-
MLF1_HUMAN	-	+	-	-
DYL2_HUMAN	+	+	+	-
FXR1_HUMAN	-	-	+	+
FMR1_HUMAN	-	-	+	+
C1QBP_HUMAN	+	+	-	-
ADA22_HUMAN	+	+	+	+
ADA23_HUMAN	+	+	-	-
APC_HUMAN	+	+	-	-
MARE1_HUMAN	+	+	-	-
NDKA_HUMAN	+	+	-	-
DLG5_HUMAN	-	-	+	+
FUS_HUMAN	-	+	-	-
RHG32_HUMAN	-	-	-	+
GBRB2_HUMAN	-	-	+	+
NDEL1_HUMAN	-	+	-	-
LIS1_HUMAN	-	+	+	-
MAP1B_HUMAN	+	+	-	+
GCR_HUMAN	-	-	+	-
PARP1_HUMAN	+	+	-	-
GRIA1_HUMAN	+	+	+	+
KCC2A_HUMAN	+	+	+	+
KAPCA_HUMAN	-	-	+	-
GRIA4_HUMAN	+	+	+	+
RIMS2_HUMAN	-	+	-	-
RIMS1_HUMAN	+	+	-	-
TPD53_HUMAN	-	+	-	-
EEA1_HUMAN	+	+	+	-
RAB5A_HUMAN	+	+	+	+
ANXA2_HUMAN	+	+	-	-
ANXA1_HUMAN	+	+	-	-
STXB5_HUMAN	+	+	-	-
STX4_HUMAN	+	+	+	-
KS6A5_HUMAN	-	-	+	-
TF65_HUMAN	-	-	+	-
TOLIP_HUMAN	+	+	-	-
UBB_HUMAN	-	+	-	-
TP53B_HUMAN	-	+	-	-
COF1_HUMAN	+	+	+	-
ERBIN_HUMAN	-	-	+	-
DVL1_HUMAN	-	-	+	+
RAC1_HUMAN	+	+	+	-
GRIA2_HUMAN	+	+	+	+
PICK1_HUMAN	-	+	+	+
GRIA3_HUMAN	+	+	+	+
SNX9_HUMAN	+	+	-	-
SPTN1_HUMAN	+	+	+	-
ANXA5_HUMAN	+	+	-	-
ATRX_HUMAN	-	+	-	-
NPM_HUMAN	+	+	-	-
ARNT_HUMAN	-	+	-	-
ACHA7_HUMAN	-	-	+	+
HCD2_HUMAN	-	+	-	-
DRD2_HUMAN	-	-	+	+
NEB2_HUMAN	+	+	+	+
PP1G_HUMAN	+	+	+	-
BIN1_HUMAN	+	+	-	-
ERBB4_HUMAN	-	-	+	+
DLG4_HUMAN	+	+	+	+
DLG2_HUMAN	+	+	+	+
DLG3_HUMAN	+	+	+	-
TERA_HUMAN	+	+	-	-
DLGP2_HUMAN	+	-	+	+
SHAN1_HUMAN	+	+	+	+
DLGP1_HUMAN	+	+	+	+
ABCD1_HUMAN	+	+	-	-
ABCD3_HUMAN	+	+	-	-
SC23A_HUMAN	+	+	-	-
SC24C_HUMAN	+	+	-	-
PDC6I_HUMAN	+	+	-	-
IMA1_HUMAN	-	-	+	+
XPO2_HUMAN	+	+	-	-
IMB1_HUMAN	+	+	-	-
RAN_HUMAN	-	+	-	-
HSPB8_HUMAN	+	+	-	-
BAG3_HUMAN	+	+	-	-
FRIH_HUMAN	+	+	-	-
TCPH_HUMAN	+	+	-	-
PLSL_HUMAN	+	+	-	-
CNN3_HUMAN	-	-	+	-
NTRK2_HUMAN	-	+	+	+
GNPAT_HUMAN	+	+	-	-
STX7_HUMAN	+	+	-	-
KPCZ_HUMAN	-	-	+	+
SNTB1_HUMAN	+	+	-	-
AKT2_HUMAN	-	+	-	-
CPEB1_HUMAN	-	-	+	+
MTAP2_HUMAN	+	+	+	-
GOPC_HUMAN	-	-	-	+
CSPG5_HUMAN	-	+	+	+
RAB3A_HUMAN	+	+	-	-
PKN1_HUMAN	+	+	-	-
RHOA_HUMAN	+	+	+	-
STXB1_HUMAN	+	+	-	-
CTNA1_HUMAN	+	+	-	-
KCNA1_HUMAN	-	-	+	+
KCAB2_HUMAN	+	+	+	-
KCNN2_HUMAN	-	-	+	-
ITB3_HUMAN	-	-	+	+
GELS_HUMAN	+	+	-	-
IGF1_HUMAN	-	-	+	-
IMPA1_HUMAN	+	+	-	-
ETFB_HUMAN	+	+	-	-
IF4G2_HUMAN	-	-	+	-
AACT_HUMAN	-	+	-	-
NRCAM_HUMAN	+	+	+	+
HS12A_HUMAN	+	+	-	-
ITSN2_HUMAN	+	+	-	-
SYNJ2_HUMAN	-	+	-	-
MADD_HUMAN	+	+	-	-
CKAP5_HUMAN	+	+	-	-
PLXA2_HUMAN	+	+	-	-
SI1L1_HUMAN	+	+	+	+
NRX1A_HUMAN	+	+	+	-
DYST_HUMAN	+	+	-	-
LRP4_HUMAN	-	-	-	+
CNTP2_HUMAN	+	+	+	-
CSTN1_HUMAN	-	-	+	+
SLK_HUMAN	+	+	-	-
UN13A_HUMAN	+	+	-	-
E41L3_HUMAN	+	+	-	-
FRPD4_HUMAN	-	-	+	-
SRBS1_HUMAN	+	+	-	-
K1549_HUMAN	-	+	-	-
MYO5B_HUMAN	-	-	+	-
CAPS1_HUMAN	+	+	-	-
MPRIP_HUMAN	+	+	-	-
AP2B1_HUMAN	+	+	+	-
CD59_HUMAN	+	+	-	-
EPIPL_HUMAN	+	+	-	-
PLEC_HUMAN	+	-	-	-
PTN11_HUMAN	+	+	-	-
AP2S1_HUMAN	+	+	+	-
VAV2_HUMAN	-	+	-	-
GLYM_HUMAN	+	+	-	-
EF1G_HUMAN	+	+	-	-
RS26_HUMAN	-	-	+	-
RS11_HUMAN	+	+	+	-
RS18_HUMAN	+	+	+	+
RS25_HUMAN	+	+	+	+
RS13_HUMAN	+	+	+	+
RS15A_HUMAN	+	+	+	-
RS8_HUMAN	+	+	+	-
RS28_HUMAN	-	-	+	-
PP1B_HUMAN	+	+	-	-
SYNPO_HUMAN	+	+	+	+
IF4A3_HUMAN	-	-	+	+
PP2BA_HUMAN	+	+	+	-
TAOK2_HUMAN	+	+	+	-
HNRH2_HUMAN	-	-	+	+
RLA2_HUMAN	-	-	+	-
RS14_HUMAN	+	+	+	+
RL27_HUMAN	-	+	+	-
RL12_HUMAN	+	+	+	+
RL18_HUMAN	-	+	+	-
ROA1_HUMAN	+	+	-	-
TPM2_HUMAN	-	+	-	-
EF2_HUMAN	+	+	+	-
ANXA6_HUMAN	+	+	-	-
CH60_HUMAN	+	+	-	-
RS16_HUMAN	+	+	+	-
RL26_HUMAN	-	-	+	-
RL10_HUMAN	-	+	+	-
RS3A_HUMAN	+	+	+	-
ARPC2_HUMAN	+	+	+	-
ATD3A_HUMAN	+	+	-	-
RL3_HUMAN	+	+	-	-
EF1A1_HUMAN	+	+	-	-
PRKDC_HUMAN	+	+	-	-
DDX5_HUMAN	-	+	-	-
LMNA_HUMAN	-	+	-	-
WDR1_HUMAN	+	+	-	-
HSP7C_HUMAN	+	+	+	+
SRC8_HUMAN	-	+	+	-
BIP_HUMAN	+	+	-	-
ARPC4_HUMAN	+	+	-	-
ARPC3_HUMAN	+	+	-	-
MYH10_HUMAN	+	+	+	-
ACTN1_HUMAN	+	+	+	-
MYL6_HUMAN	+	+	-	-
HNRH1_HUMAN	-	-	+	-
SPTB2_HUMAN	+	+	+	+
FLII_HUMAN	+	+	-	-
ACTN4_HUMAN	+	+	-	-
LIMA1_HUMAN	+	+	-	-
COF2_HUMAN	+	+	-	-
RS9_HUMAN	-	+	+	-
RS3_HUMAN	+	+	+	+
COR1B_HUMAN	+	+	-	-
ECHB_HUMAN	+	+	-	-
IPO7_HUMAN	+	+	-	-
MYO1B_HUMAN	+	+	-	-
ANM5_HUMAN	+	+	-	-
FSCN1_HUMAN	+	+	-	-
MYH14_HUMAN	+	+	-	-
RL36_HUMAN	+	+	+	-
CAPZB_HUMAN	+	+	+	+
RL4_HUMAN	+	+	+	-
ARP2_HUMAN	+	+	+	+
GSTP1_HUMAN	+	+	-	-
SSBP_HUMAN	+	+	-	-
RL35A_HUMAN	-	-	+	-
DLDH_HUMAN	+	+	-	-
RL31_HUMAN	-	+	+	-
PIMT_HUMAN	+	+	-	-
RL23_HUMAN	-	+	+	-
RL23A_HUMAN	+	+	+	-
PRDX1_HUMAN	+	+	-	-
MPCP_HUMAN	+	+	-	-
DYL1_HUMAN	+	+	-	-
RL24_HUMAN	+	+	+	-
RL30_HUMAN	+	+	+	+
RS20_HUMAN	-	-	+	-
RS23_HUMAN	-	-	+	-
DNJA2_HUMAN	+	+	-	-
ARC1A_HUMAN	-	+	-	-
ARP3_HUMAN	+	+	+	-
DREB_HUMAN	+	+	+	+
COR1C_HUMAN	+	+	-	-
CBR1_HUMAN	+	+	-	-
ACTG_HUMAN	-	-	+	+
ABLM3_HUMAN	+	+	-	-
DDX6_HUMAN	+	+	-	-
HS71L_HUMAN	+	+	-	-
KCC2D_HUMAN	+	+	-	-
ODO2_HUMAN	+	+	-	-
TBB3_HUMAN	+	+	-	-
RL7_HUMAN	+	+	+	+
PPIA_HUMAN	+	+	-	-
ROA2_HUMAN	-	-	+	-
TPM1_HUMAN	+	+	-	-
RL21_HUMAN	-	-	+	-
MYO6_HUMAN	+	+	+	-
RL27A_HUMAN	-	-	+	-
RS5_HUMAN	+	+	+	-
RL18A_HUMAN	+	+	+	-
PDLI7_HUMAN	-	+	-	-
SERA_HUMAN	+	+	-	-
CYTSB_HUMAN	+	+	-	-
ABLM1_HUMAN	+	+	-	-
SCIN_HUMAN	+	+	-	-
MYO1C_HUMAN	+	+	-	-
LMO7_HUMAN	+	+	-	-
TBA1B_HUMAN	+	+	-	-
GSTM3_HUMAN	+	+	-	-
MYH9_HUMAN	+	+	-	-
EFTU_HUMAN	+	+	-	-
MTCH1_HUMAN	+	+	-	-
KPCE_HUMAN	+	+	-	-
AP1B1_HUMAN	+	+	-	-
GOGA2_HUMAN	-	+	-	-
PHB1_HUMAN	-	-	+	-
FAK2_HUMAN	+	+	+	+
ACO13_HUMAN	+	-	-	-
IDH3A_HUMAN	+	+	-	-
M2OM_HUMAN	+	+	-	-
ODPB_HUMAN	+	+	-	-
MIC19_HUMAN	+	+	-	-
CRIP2_HUMAN	+	+	-	-
HNRPD_HUMAN	-	-	+	-
ECHA_HUMAN	+	+	-	-
NDUA4_HUMAN	+	+	-	-
G3P_HUMAN	+	+	+	-
ENOA_HUMAN	+	+	-	-
DECR_HUMAN	+	+	-	-
ADT2_HUMAN	+	+	-	-
PDLI5_HUMAN	-	-	-	+
VINC_HUMAN	+	+	-	-
VIME_HUMAN	+	+	-	-
TMOD1_HUMAN	+	+	-	-
MYH6_HUMAN	-	+	-	-
CAZA2_HUMAN	+	+	-	-
L2GL1_HUMAN	+	+	-	-
CDK5_HUMAN	+	+	+	+
ANS1B_HUMAN	+	+	+	+
TLN1_HUMAN	+	+	-	-
GIPC1_HUMAN	+	+	+	-
JIP2_HUMAN	-	-	-	+
SYJ2B_HUMAN	-	-	-	+
LRP1_HUMAN	+	+	-	-
LRP8_HUMAN	-	-	-	+
VHL_HUMAN	-	-	+	-
JIP3_HUMAN	+	+	-	-
KLC2_HUMAN	+	+	-	-
KLC1_HUMAN	+	+	-	-
NCKP1_HUMAN	+	+	+	-
CYFP2_HUMAN	+	+	-	-
WASF2_HUMAN	+	+	+	-
CYFP1_HUMAN	+	+	+	-
YES_HUMAN	+	+	+	-
CADH1_HUMAN	-	-	+	-
MARK2_HUMAN	+	+	+	-
TBG1_HUMAN	+	-	-	-
ARHG2_HUMAN	+	+	+	-
DOCK7_HUMAN	-	+	+	-
MARK1_HUMAN	+	+	-	-
USP9X_HUMAN	+	+	-	-
MY18A_HUMAN	+	+	-	-
2AAA_HUMAN	+	+	-	-
RPGF2_HUMAN	+	+	-	-
NIPS1_HUMAN	+	+	-	-
GSK3B_HUMAN	+	+	+	-
NMDE1_HUMAN	+	+	+	+
CAPON_HUMAN	-	-	+	-
SYN2_HUMAN	+	+	-	+
SYN3_HUMAN	+	+	-	+
SYN1_HUMAN	+	+	-	+
TAU_HUMAN	+	+	-	-
SPTN2_HUMAN	+	+	+	+
SPTN4_HUMAN	+	+	-	-
NECT3_HUMAN	-	-	+	+
BAIP2_HUMAN	+	+	+	+
KS6C1_HUMAN	-	-	+	-
DCTN3_HUMAN	+	+	-	-
S29A1_HUMAN	-	-	+	-
FLOT2_HUMAN	+	+	+	-
DNJA1_HUMAN	+	+	-	-
ABHGA_HUMAN	+	-	-	-
CSK22_HUMAN	+	+	-	-
CSK2B_HUMAN	-	+	-	-
RL5_HUMAN	-	+	+	-
BAG6_HUMAN	+	-	-	-
EIF3E_HUMAN	-	-	+	-
MIC60_HUMAN	+	+	-	-
HNRPM_HUMAN	+	+	+	-
VATG2_HUMAN	+	+	-	-
VATE1_HUMAN	+	+	-	-
NMD3A_HUMAN	-	-	+	+
DHE3_HUMAN	+	+	-	-
DYHC1_HUMAN	+	+	-	-
CLIP2_HUMAN	+	+	-	-
PFKAP_HUMAN	+	+	-	-
PFKAM_HUMAN	+	+	-	-
GEPH_HUMAN	+	+	+	+
CISY_HUMAN	+	+	-	-
ACTB_HUMAN	+	+	+	+
GLNA_HUMAN	+	+	-	-
CACB1_HUMAN	+	+	+	-
ALDOA_HUMAN	+	+	-	-
LDHA_HUMAN	+	+	-	-
TBB2A_HUMAN	+	+	-	-
TBB2B_HUMAN	+	+	-	-
MDHM_HUMAN	+	+	-	-
CAH2_HUMAN	+	+	-	-
GRP75_HUMAN	+	+	-	-
EF1A2_HUMAN	+	+	-	-
PFKAL_HUMAN	+	+	-	-
DESP_HUMAN	+	+	-	-
IKBE_HUMAN	-	+	-	-
HSP76_HUMAN	+	+	-	-
WDR37_HUMAN	+	+	-	-
RS27L_HUMAN	-	+	-	-
TIM50_HUMAN	+	+	-	-
BAG2_HUMAN	-	+	-	-
EXOC4_HUMAN	+	+	+	-
SRPRB_HUMAN	+	+	-	-
MYO9A_HUMAN	-	-	+	-
SFPQ_HUMAN	-	+	-	-
RL11_HUMAN	-	+	+	-
PYR1_HUMAN	+	+	-	-
CAZA1_HUMAN	+	+	-	-
TPM3_HUMAN	+	+	-	-
MYO1D_HUMAN	+	+	-	-
TCPE_HUMAN	+	+	-	-
LPPRC_HUMAN	+	+	-	-
RS10_HUMAN	-	+	+	-
SFXN1_HUMAN	+	+	-	-
XPO1_HUMAN	+	+	-	-
ESYT1_HUMAN	+	-	-	-
RPN1_HUMAN	+	+	-	-
TBCD_HUMAN	+	+	-	-
RLA0_HUMAN	+	+	+	+
FAS_HUMAN	+	+	-	-
A16L1_HUMAN	-	+	-	-
USO1_HUMAN	+	+	-	-
ADT3_HUMAN	-	+	-	-
COPA_HUMAN	+	+	-	-
XPO7_HUMAN	+	+	-	-
RS27_HUMAN	+	+	+	+
NP1L1_HUMAN	-	+	-	-
IPO5_HUMAN	+	+	-	-
TCPQ_HUMAN	+	+	-	-
BAG5_HUMAN	+	+	-	-
TCPA_HUMAN	+	+	-	-
TCPG_HUMAN	+	+	-	-
TCPZ_HUMAN	+	+	-	-
TBB6_HUMAN	-	+	-	-
RL14_HUMAN	+	+	+	+
DNJA3_HUMAN	+	+	-	+
RL37A_HUMAN	-	-	+	-
RS4X_HUMAN	-	+	-	-
RL35_HUMAN	+	+	+	-
HS105_HUMAN	+	+	-	-
RL13_HUMAN	+	+	+	-
RL10A_HUMAN	+	+	+	-
TCPD_HUMAN	+	+	-	-
HSP74_HUMAN	+	+	-	-
GBB2_HUMAN	+	+	-	-
DNJB4_HUMAN	+	+	-	-
UBL4A_HUMAN	+	+	-	-
HSP72_HUMAN	+	+	-	-
DNJB1_HUMAN	+	+	+	+
CHIP_HUMAN	+	+	-	-
GNAI2_HUMAN	+	+	-	-
GBB1_HUMAN	+	+	-	-
RL40_HUMAN	-	+	+	-
SCRIB_HUMAN	+	+	+	+
ALK_HUMAN	-	-	+	-
RS27A_HUMAN	-	+	+	-
TCPB_HUMAN	+	+	-	-
LONM_HUMAN	+	+	-	-
PYGM_HUMAN	+	+	-	-
DLG1_HUMAN	+	+	+	+
GNAI3_HUMAN	+	+	-	-
RL7A_HUMAN	+	+	+	-
RS24_HUMAN	-	-	+	-
RL9_HUMAN	-	-	+	-
RAP1B_HUMAN	-	-	+	-
RS12_HUMAN	-	+	+	-
DDX3X_HUMAN	+	+	-	-
STAU1_HUMAN	-	-	+	-
RL22_HUMAN	-	+	+	-
RL32_HUMAN	-	-	+	-
RS17_HUMAN	+	+	+	-
DHB4_HUMAN	+	+	-	-
DDX1_HUMAN	+	+	-	-
GBB4_HUMAN	+	+	-	-
MYL6B_HUMAN	+	+	-	-
BASP1_HUMAN	+	+	-	-
EF1D_HUMAN	+	+	-	-
DAPK1_HUMAN	-	-	+	-
GBG12_HUMAN	+	+	-	-
HS74L_HUMAN	+	+	-	-
SEC13_HUMAN	+	+	-	-
LDHB_HUMAN	+	+	-	-
AFG32_HUMAN	+	+	-	-
AT1A1_HUMAN	+	+	-	+
CDIPT_HUMAN	-	+	-	-
OST48_HUMAN	+	+	-	-
LRC59_HUMAN	+	+	-	-
AT2A2_HUMAN	+	+	-	-
ODB2_HUMAN	+	+	-	-
EAA1_HUMAN	+	+	-	-
KCD12_HUMAN	+	+	-	+
RL38_HUMAN	+	+	+	+
TXTP_HUMAN	+	+	-	-
AT2A1_HUMAN	+	+	-	-
PPIB_HUMAN	+	+	-	-
PSB6_HUMAN	+	+	-	-
ERLN1_HUMAN	+	+	-	-
PSMD2_HUMAN	+	+	-	-
PSA4_HUMAN	-	+	-	-
PSD11_HUMAN	+	+	-	-
NGAP_HUMAN	+	+	-	-
GSLG1_HUMAN	+	+	-	-
RL6_HUMAN	+	+	+	+
PRS4_HUMAN	+	+	-	-
PRS6A_HUMAN	-	+	-	-
PSMD1_HUMAN	-	+	-	-
KTN1_HUMAN	+	+	-	-
RL8_HUMAN	+	+	+	+
AZI2_HUMAN	-	+	-	-
EF1B_HUMAN	-	+	-	-
EIF3C_HUMAN	+	+	-	-
RLA1_HUMAN	-	+	+	-
RS7_HUMAN	-	+	+	-
RSSA_HUMAN	+	+	+	-
SYFB_HUMAN	+	+	-	-
VDAC2_HUMAN	+	+	-	-
VDAC3_HUMAN	+	+	-	-
DC1I1_HUMAN	+	+	-	-
AINX_HUMAN	+	+	+	-
RL28_HUMAN	-	-	+	-
ROCK2_HUMAN	+	+	+	-
RPP29_HUMAN	-	+	-	-
ACTY_HUMAN	+	+	-	-
SKIV2_HUMAN	+	+	-	-
PARN_HUMAN	-	-	+	-
RENT1_HUMAN	+	+	-	-
ELAV1_HUMAN	-	-	+	-
AK1A1_HUMAN	+	+	-	-
NOMO1_HUMAN	+	+	-	-
VPS11_HUMAN	+	+	-	-
GRHPR_HUMAN	+	+	-	-
TALDO_HUMAN	+	+	-	-
6PGD_HUMAN	+	+	-	-
PABP4_HUMAN	+	+	-	-
NDUAD_HUMAN	+	+	-	-
COMT_HUMAN	-	-	+	-
RS15_HUMAN	-	+	+	-
PHB2_HUMAN	+	+	+	+
PDLI4_HUMAN	-	-	-	+
MIF_HUMAN	-	+	-	-
SRGP3_HUMAN	+	+	-	-
PRIO_HUMAN	-	+	-	+
APOE_HUMAN	+	+	-	-
NCAM1_HUMAN	+	+	+	-
DPP6_HUMAN	+	+	-	-
NCAM2_HUMAN	+	+	-	-
CNTN1_HUMAN	+	+	+	+
MOG_HUMAN	+	+	-	-
LSAMP_HUMAN	+	+	-	-
CLUS_HUMAN	+	+	-	-
L1CAM_HUMAN	+	+	-	-
DLGP3_HUMAN	+	+	+	+
DLGP4_HUMAN	+	+	+	+
RAGP1_HUMAN	+	+	-	-
DICER_HUMAN	-	-	+	-
KIF3A_HUMAN	+	+	-	-
2A5D_HUMAN	+	+	-	-
NMDZ1_HUMAN	+	+	+	+
KPCG_HUMAN	+	+	+	+
KPCB_HUMAN	+	+	-	-
KCC2B_HUMAN	+	+	+	-
HOME1_HUMAN	+	+	+	+
GRIK2_HUMAN	-	+	+	+
GRM1_HUMAN	-	+	+	+
MYO5A_HUMAN	+	+	+	-
SHAN2_HUMAN	+	+	+	+
IP3KA_HUMAN	-	-	+	-
DUS4_HUMAN	-	+	-	-
KAP3_HUMAN	+	+	+	-
NMDE2_HUMAN	+	+	+	+
NSF_HUMAN	+	+	-	+
ARC_HUMAN	-	+	+	+
CADH2_HUMAN	+	+	+	+
DSG1_HUMAN	-	+	-	-
KS6A3_HUMAN	-	+	-	-
PA24A_HUMAN	-	+	-	-
NF1_HUMAN	-	+	+	-
CTRO_HUMAN	+	+	-	-
RAP2A_HUMAN	-	+	+	-
PPP5_HUMAN	-	+	-	-
PP2AA_HUMAN	-	+	-	-
PLCB1_HUMAN	+	+	+	-
DP13A_HUMAN	+	+	+	-
BSN_HUMAN	+	+	-	+
RAB8A_HUMAN	-	+	+	+
RBX1_HUMAN	+	+	-	-
ARHG7_HUMAN	+	+	+	-
RAB5B_HUMAN	+	+	-	-
UB2V1_HUMAN	-	+	-	-
UBE2N_HUMAN	+	+	-	-
RL15_HUMAN	-	-	+	-
RS2_HUMAN	-	+	+	-
PP1R7_HUMAN	+	+	-	-
KIF2B_HUMAN	+	+	-	-
UBP5_HUMAN	+	+	-	-
PERI_HUMAN	+	+	-	-
NFL_HUMAN	+	+	+	+
NFH_HUMAN	+	+	+	+
MYCB2_HUMAN	+	+	-	-
ZO2_HUMAN	+	+	-	-
SRGP2_HUMAN	-	-	-	+
CLAP1_HUMAN	+	+	-	-
TSC1_HUMAN	-	+	+	+
RB6I2_HUMAN	+	+	-	-
TIAM1_HUMAN	-	-	+	-
CCNY_HUMAN	+	+	-	-
RFIP2_HUMAN	-	+	-	-
ST38L_HUMAN	+	+	+	-
FRYL_HUMAN	+	+	-	-
ALS2_HUMAN	-	-	-	+
DOCK4_HUMAN	+	+	-	-
STK38_HUMAN	-	-	+	-
GAPD1_HUMAN	+	+	-	-
CYC_HUMAN	+	+	-	-
RHOG_HUMAN	+	+	-	-
ARF1_HUMAN	+	+	+	+
DOCK2_HUMAN	+	+	-	-
MYD88_HUMAN	-	-	-	+
PTN5_HUMAN	-	+	-	-
AHSA1_HUMAN	+	+	-	-
AURKA_HUMAN	-	-	+	-
AP2A2_HUMAN	+	+	-	-
AP180_HUMAN	+	+	+	-
CYH2_HUMAN	+	+	+	-
CAND1_HUMAN	+	+	-	-
CUL3_HUMAN	-	-	+	-
PAK3_HUMAN	-	-	+	+
SYT1_HUMAN	+	+	-	-
WNK1_HUMAN	+	+	-	-
SYT2_HUMAN	-	+	-	-
SYT3_HUMAN	-	+	-	-
MAP1A_HUMAN	+	+	-	-
KCMA1_HUMAN	-	+	-	+
SAE1_HUMAN	-	+	-	-
EGLN1_HUMAN	-	-	+	-
GDE_HUMAN	+	+	-	-
EXOC2_HUMAN	+	+	-	-
GNA13_HUMAN	+	+	-	-
E41L1_HUMAN	+	+	-	-
ITPR1_HUMAN	-	-	+	+
CATA_HUMAN	-	+	-	-
DTBP1_HUMAN	-	-	+	+
GNAQ_HUMAN	+	+	-	-
GNAO_HUMAN	+	+	-	-
KKCC1_HUMAN	+	+	-	-
GIT1_HUMAN	+	+	+	+
DPYL1_HUMAN	+	+	-	-
PROF2_HUMAN	-	+	+	-
GASP2_HUMAN	-	+	-	-
HAP1_HUMAN	-	-	+	-
PTN_HUMAN	-	-	+	-
MLP3A_HUMAN	+	+	-	-
TNR16_HUMAN	-	-	-	+
SV2A_HUMAN	+	+	-	-
ABI2_HUMAN	+	+	+	-
MDR1_HUMAN	-	+	-	-
COASY_HUMAN	+	+	-	-
NCPR_HUMAN	+	+	-	-
MTMR2_HUMAN	-	-	-	+
XRCC1_HUMAN	-	+	-	-
RAP1A_HUMAN	+	+	+	-
SIR2_HUMAN	+	+	+	-
KIF1A_HUMAN	+	+	-	-
ADA1A_HUMAN	-	-	+	+
ABR_HUMAN	+	+	+	-
EHD4_HUMAN	+	+	-	-
PACN2_HUMAN	+	+	-	-
EHD1_HUMAN	+	+	-	-
ADA2A_HUMAN	-	-	+	+
ADA2C_HUMAN	-	-	+	-
ADRB2_HUMAN	-	-	+	-
ITB4_HUMAN	-	-	+	-
KAPCB_HUMAN	+	+	-	-
MP2K7_HUMAN	-	+	-	-
FKBP4_HUMAN	+	+	-	-
PRDX2_HUMAN	+	+	-	-
TKT_HUMAN	+	+	-	-
STIP1_HUMAN	+	+	-	-
AATC_HUMAN	+	+	-	-
MDHC_HUMAN	+	+	-	-
KAD3_HUMAN	+	+	-	-
ARBK1_HUMAN	-	-	+	-
AP1S1_HUMAN	+	+	-	-
ENAH_HUMAN	-	+	-	-
RASK_HUMAN	+	+	-	-
SORC3_HUMAN	-	-	+	+
FKBP8_HUMAN	+	+	-	-
STAT3_HUMAN	-	-	+	-
VAMP2_HUMAN	+	+	-	-
DBNL_HUMAN	+	+	+	+
LRRC7_HUMAN	+	-	+	+
EPHA7_HUMAN	-	-	+	+
EPHB2_HUMAN	-	-	+	+
NRX2A_HUMAN	-	-	+	-
NRX3A_HUMAN	+	+	+	-
IL1AP_HUMAN	-	-	+	-
PRAF2_HUMAN	+	+	-	-
CANB1_HUMAN	-	-	+	-
PRKN_HUMAN	-	-	+	+
AT2B4_HUMAN	+	+	-	-
BMPR2_HUMAN	-	-	-	+
TWF1_HUMAN	+	+	-	-
NBEA_HUMAN	-	+	+	-
DGCR8_HUMAN	-	-	+	-
RNC_HUMAN	-	-	+	+
MOES_HUMAN	+	+	-	-
EZRI_HUMAN	+	+	+	-
OPRK_HUMAN	-	-	+	+
RAB6B_HUMAN	+	+	-	-
RPN2_HUMAN	+	+	-	-
SND1_HUMAN	+	+	-	-
CTND1_HUMAN	+	+	+	+
DISC1_HUMAN	-	-	+	+
CLCA_HUMAN	+	+	+	+
GRIP1_HUMAN	-	+	+	+
SDCB1_HUMAN	+	+	-	-
EPN2_HUMAN	-	+	-	-
EM55_HUMAN	+	+	-	-
GRID1_HUMAN	-	-	+	+
GRID2_HUMAN	-	+	+	+
ADRB1_HUMAN	-	-	+	-
OGT1_HUMAN	+	+	+	-
SYT4_HUMAN	-	-	+	-
AP1M1_HUMAN	+	+	-	-
ACON_HUMAN	+	+	-	-
B3AT_HUMAN	+	+	-	-
SNX4_HUMAN	+	+	-	-
RAB17_HUMAN	-	-	+	-
BORG4_HUMAN	+	+	-	-
RAB13_HUMAN	+	+	-	-
SRPK2_HUMAN	+	+	-	-
STRAP_HUMAN	+	+	-	-
FLOT1_HUMAN	+	+	-	-
RHOB_HUMAN	+	+	+	-
GBG2_HUMAN	+	+	-	-
MP2K3_HUMAN	-	+	-	-
RHG01_HUMAN	+	+	-	-
RAB4A_HUMAN	-	-	-	+
BLNK_HUMAN	-	+	-	-
NLGN3_HUMAN	-	+	+	+
LIN7B_HUMAN	+	+	-	+
KCNJ4_HUMAN	-	+	-	+
VPS41_HUMAN	-	+	-	-
PTPRF_HUMAN	+	+	+	-
VPS35_HUMAN	+	+	+	+
CC127_HUMAN	+	+	-	-
TM1L2_HUMAN	+	+	-	-
RN216_HUMAN	-	-	+	-
LAMA5_HUMAN	-	-	+	-
ANK3_HUMAN	+	+	-	+
ROCK1_HUMAN	+	+	-	-
CUL5_HUMAN	-	+	-	-
MACF1_HUMAN	+	+	-	-
GOGB1_HUMAN	+	+	-	-
DHX30_HUMAN	+	+	-	-
PLCD3_HUMAN	+	+	-	-
PCDH1_HUMAN	+	+	-	-
RRBP1_HUMAN	+	+	-	-
SOX7_HUMAN	-	+	-	-
RYR2_HUMAN	+	+	-	-
FMNL1_HUMAN	+	+	-	-
UBR4_HUMAN	+	+	-	-
DAAM1_HUMAN	+	+	-	-
ZN451_HUMAN	-	+	-	-
FMNL3_HUMAN	+	+	-	-
FMNL2_HUMAN	+	+	-	-
CAP2_HUMAN	+	+	-	+
BIG2_HUMAN	+	+	+	-
MCAF1_HUMAN	-	+	-	-
CADM1_HUMAN	-	-	+	+
DEST_HUMAN	+	+	-	-
DNJB2_HUMAN	+	+	-	-
VIGLN_HUMAN	+	+	-	-
INP4A_HUMAN	-	-	-	+
MIRO2_HUMAN	+	+	-	-
PLAK_HUMAN	+	+	-	-
TTC37_HUMAN	+	+	-	-
VCIP1_HUMAN	+	+	-	-
VPS8_HUMAN	+	+	-	-
NLGN1_HUMAN	-	+	+	+
PAK2_HUMAN	-	-	+	+
GNAI1_HUMAN	+	+	-	-
NTRK3_HUMAN	-	-	+	+
RAB1B_HUMAN	+	+	-	-
RAB1A_HUMAN	+	+	-	-
STK39_HUMAN	+	+	-	-
S12A2_HUMAN	+	+	-	-
TACC1_HUMAN	+	+	-	-
ERBB2_HUMAN	-	-	+	-
NMDE3_HUMAN	-	-	+	+
NMDE4_HUMAN	+	+	+	+
KCNA2_HUMAN	-	+	+	-
KCNA3_HUMAN	-	-	+	+
CRIPT_HUMAN	-	+	+	+
PTPRO_HUMAN	-	-	+	+
PTPRT_HUMAN	-	-	+	-
PTPRS_HUMAN	+	+	+	+
PTPRD_HUMAN	+	+	+	-
PTPRZ_HUMAN	+	+	+	-
SEM4B_HUMAN	-	-	+	-
SEM4C_HUMAN	-	-	-	+
NRP1_HUMAN	-	-	+	+
KPCD_HUMAN	-	-	+	-
PLCB3_HUMAN	-	-	+	+
ARF6_HUMAN	-	-	+	-
ARF3_HUMAN	+	+	-	-
KPCA_HUMAN	+	+	-	-
RHEB_HUMAN	-	-	+	+
SNX1_HUMAN	+	+	+	-
SESD1_HUMAN	+	+	-	-
MLF2_HUMAN	-	+	-	-
PI42A_HUMAN	+	+	-	-
GTR1_HUMAN	+	+	-	-
EHMT2_HUMAN	-	+	-	-
RTN3_HUMAN	+	+	-	-
ARRB1_HUMAN	+	+	-	-
SNX5_HUMAN	+	+	-	-
LANC2_HUMAN	+	+	-	-
PK3CA_HUMAN	-	+	-	-
CAP1_HUMAN	+	+	-	-
PBIP1_HUMAN	+	+	-	-
PROF1_HUMAN	+	+	+	-
PRDX6_HUMAN	+	+	-	-
STAT1_HUMAN	+	+	-	-
MIRO1_HUMAN	+	+	-	-
HIP1R_HUMAN	+	+	+	+
DNJB6_HUMAN	+	+	-	-
MTX1_HUMAN	+	+	-	-
PP2BB_HUMAN	+	+	-	-
RL29_HUMAN	-	-	+	-
LMNB1_HUMAN	-	+	-	-
FIBP_HUMAN	-	+	-	-
KI20B_HUMAN	+	+	-	-
CAPR1_HUMAN	-	-	+	-
G6PD_HUMAN	+	+	-	-
KAP2_HUMAN	+	+	-	-
SAHH_HUMAN	+	+	-	-
MIB1_HUMAN	-	-	-	+
AP3B1_HUMAN	+	+	-	-
AKAP9_HUMAN	-	+	+	+
SCOT1_HUMAN	+	+	-	-
KAP1_HUMAN	-	-	+	-
BRSK1_HUMAN	+	+	-	-
RGRF2_HUMAN	+	+	-	-
E41L2_HUMAN	+	+	-	-
SPD2A_HUMAN	+	+	-	-
RNF10_HUMAN	-	-	+	+
LRSM1_HUMAN	+	+	-	-
CYTC_HUMAN	+	+	-	-
VAPA_HUMAN	+	+	-	-
ELMO2_HUMAN	+	+	-	-
SLMAP_HUMAN	-	+	-	-
RAC3_HUMAN	-	-	+	-
RASN_HUMAN	+	+	-	-
IGHM_HUMAN	+	-	-	-
PREX1_HUMAN	+	+	-	-
NP1L4_HUMAN	+	+	-	-
AKA12_HUMAN	+	+	-	-
AT2B1_HUMAN	+	+	-	-
CAC1C_HUMAN	-	-	+	+
SHRPN_HUMAN	-	+	-	+
MRCKA_HUMAN	+	+	-	-
MRCKB_HUMAN	+	+	-	-
PTEN_HUMAN	-	-	+	-
PKHA1_HUMAN	+	+	-	-
MPDZ_HUMAN	-	-	+	+
ATP7A_HUMAN	-	-	-	+
ARP5L_HUMAN	-	+	-	-
TOM20_HUMAN	+	+	-	-
ALDH2_HUMAN	+	+	-	-
ANR24_HUMAN	+	+	-	-
VATG1_HUMAN	+	+	-	-
GSTO1_HUMAN	+	+	-	-
HMOX2_HUMAN	+	+	-	-
PUR6_HUMAN	+	+	-	-
ANXA3_HUMAN	-	+	-	-
OLA1_HUMAN	+	+	-	-
ENOG_HUMAN	+	+	-	-
HXK1_HUMAN	+	+	-	-
MA7D1_HUMAN	+	+	-	-
ROGDI_HUMAN	+	+	-	-
FXYD6_HUMAN	-	-	+	+
IGS21_HUMAN	+	+	-	+
GNB5_HUMAN	+	+	-	-
PGAM5_HUMAN	+	+	-	-
NDUB9_HUMAN	+	+	-	-
NDUV2_HUMAN	+	+	-	-
NDK3_HUMAN	+	+	-	-
PRKRA_HUMAN	+	+	-	-
RS21_HUMAN	-	+	+	-
SSRA_HUMAN	-	+	-	-
UB2V2_HUMAN	+	+	-	-
PEA15_HUMAN	+	+	-	-
CBR3_HUMAN	+	+	-	-
EAA4_HUMAN	-	-	+	-
TBC17_HUMAN	+	+	-	-
AT1B1_HUMAN	+	+	-	-
GAK_HUMAN	+	+	-	-
CACB4_HUMAN	+	+	-	-
UCHL1_HUMAN	+	+	-	-
CAD10_HUMAN	+	+	+	+
COX5A_HUMAN	+	+	-	-
COX6C_HUMAN	+	+	-	-
DCTN2_HUMAN	+	+	-	-
ANX11_HUMAN	+	+	-	-
MAP4_HUMAN	+	+	-	-
DC1L2_HUMAN	+	+	-	-
DEMA_HUMAN	-	-	-	+
LTOR1_HUMAN	+	-	-	-
GABR2_HUMAN	+	+	+	+
APOD_HUMAN	+	+	-	-
DGKZ_HUMAN	-	+	+	-
ODPA_HUMAN	+	+	-	-
MPP3_HUMAN	-	+	-	-
NDUB8_HUMAN	+	+	-	-
PEBP1_HUMAN	+	+	-	-
PHYIP_HUMAN	+	+	-	-
NDRG1_HUMAN	+	+	-	-
PPID_HUMAN	+	+	-	-
SODM_HUMAN	-	+	-	-
RIR1_HUMAN	-	+	-	-
S10A4_HUMAN	-	+	-	-
STRN4_HUMAN	+	+	-	-
CAMKV_HUMAN	+	+	+	-
TPIS_HUMAN	+	+	-	-
RIC8A_HUMAN	+	+	-	-
ABCF3_HUMAN	+	+	-	-
ACACA_HUMAN	+	+	-	-
PPAC_HUMAN	+	+	-	-
GBG7_HUMAN	+	+	-	-
ADA11_HUMAN	-	+	-	-
PGAM1_HUMAN	+	+	-	-
GRAP1_HUMAN	-	-	+	+
WDR91_HUMAN	+	+	-	-
KCNQ2_HUMAN	+	+	-	-
CKAP4_HUMAN	+	+	-	-
CHM2B_HUMAN	-	-	+	-
NGEF_HUMAN	-	+	+	-
TRIO_HUMAN	+	+	+	-
VPS29_HUMAN	+	+	-	-
KAD5_HUMAN	+	+	-	-
EI2BB_HUMAN	-	-	+	-
CK5P3_HUMAN	+	+	-	-
CPNE6_HUMAN	+	+	+	-
DPM1_HUMAN	+	+	-	-
DPYL4_HUMAN	+	+	-	-
NDUS7_HUMAN	+	+	-	-
NDUS6_HUMAN	+	+	-	-
LIGO1_HUMAN	+	+	-	-
PSD1_HUMAN	+	+	+	+
EXOC7_HUMAN	+	+	-	-
GBRL2_HUMAN	+	+	-	-
RL13A_HUMAN	+	+	+	-
AATM_HUMAN	+	+	-	-
WDR89_HUMAN	-	+	-	-
RHG44_HUMAN	-	-	+	+
WFS1_HUMAN	+	+	-	-
CACO1_HUMAN	+	+	-	-
LMTK3_HUMAN	+	-	-	-
TRIM9_HUMAN	-	+	-	-
TIM16_HUMAN	+	-	-	-
GRIK5_HUMAN	-	-	+	+
NDUA7_HUMAN	+	+	-	-
LIPS_HUMAN	+	+	-	-
NSF1C_HUMAN	+	+	-	-
NOE2_HUMAN	-	+	-	-
DGLB_HUMAN	-	-	-	+
FSD1_HUMAN	+	+	-	-
PPR1B_HUMAN	-	-	+	-
PRDX5_HUMAN	+	+	-	-
PSDE_HUMAN	+	+	-	-
RB11B_HUMAN	+	+	-	-
RAB18_HUMAN	+	+	-	-
RAB35_HUMAN	+	+	-	-
RPGP1_HUMAN	+	+	-	-
VAMP3_HUMAN	+	+	-	-
LRFN1_HUMAN	-	-	+	+
RUFY3_HUMAN	+	+	-	-
MITOS_HUMAN	+	+	-	-
SCFD1_HUMAN	+	+	-	-
PRRT2_HUMAN	-	-	-	+
TPPC4_HUMAN	-	-	-	+
PI4KA_HUMAN	+	+	-	-
WDR47_HUMAN	+	+	-	-
COR2B_HUMAN	+	+	-	-
VTI1B_HUMAN	-	+	-	-
GABR1_HUMAN	+	+	+	+
ACHB_HUMAN	-	-	+	+
PTN23_HUMAN	+	+	-	-
ACL6B_HUMAN	-	+	-	-
DMWD_HUMAN	+	+	-	-
DNM1L_HUMAN	+	+	-	-
DPYL5_HUMAN	-	+	-	-
LY6H_HUMAN	+	+	-	-
VATH_HUMAN	+	+	-	-
MGST3_HUMAN	-	+	-	-
SCN2A_HUMAN	-	+	-	-
GLRA2_HUMAN	-	-	+	+
SYFA_HUMAN	+	+	-	-
IDH3B_HUMAN	-	+	-	-
DRS7B_HUMAN	-	+	-	-
SYNG1_HUMAN	-	-	-	+
CLCB_HUMAN	+	+	-	+
MARE3_HUMAN	+	+	-	-
SYT5_HUMAN	+	+	-	-
AL7A1_HUMAN	+	+	-	-
RL17_HUMAN	-	+	+	-
WNT7A_HUMAN	-	-	+	-
SNX3_HUMAN	+	+	-	-
SEM3F_HUMAN	-	-	+	-
UBA1_HUMAN	+	+	-	-
FABPH_HUMAN	+	+	-	-
PDE10_HUMAN	-	+	-	-
K2C5_HUMAN	-	+	-	-
K2C6A_HUMAN	-	+	-	-
ATX10_HUMAN	+	+	-	-
4F2_HUMAN	+	+	-	-
SHAN3_HUMAN	+	-	+	+
SYPH_HUMAN	+	+	-	-
AKAP5_HUMAN	-	+	+	+
KCNJ2_HUMAN	-	-	+	-
AIP_HUMAN	+	+	-	-
LIN7C_HUMAN	+	+	-	+
LIN7A_HUMAN	+	+	-	+
CTND2_HUMAN	+	+	+	+
SYIM_HUMAN	-	+	-	-
C1TC_HUMAN	+	+	-	-
PGK1_HUMAN	+	+	-	-
EXOC8_HUMAN	+	+	-	-
SNAA_HUMAN	+	+	+	-
FXR2_HUMAN	+	+	+	+
T22D4_HUMAN	+	+	-	-
BNIP3_HUMAN	-	-	-	+
TRI37_HUMAN	-	+	-	-
LIPA1_HUMAN	+	+	+	-
RBMX_HUMAN	-	-	+	-
BEGIN_HUMAN	-	+	+	-
K0408_HUMAN	+	+	-	-
MARE2_HUMAN	+	+	-	-
LEG8_HUMAN	+	+	-	-
VTA1_HUMAN	+	+	-	-
ARHGF_HUMAN	-	-	+	-
ADPPT_HUMAN	+	+	-	-
VISL1_HUMAN	+	+	-	-
DP13B_HUMAN	+	+	-	-
GPSM1_HUMAN	+	+	-	-
CYH3_HUMAN	+	+	-	-
MYO1F_HUMAN	+	+	-	-
ABI3_HUMAN	-	-	-	+
RTN1_HUMAN	+	+	-	-
TRI32_HUMAN	-	+	-	-
LASP1_HUMAN	+	+	+	-
DC1I2_HUMAN	+	+	-	-
QCR7_HUMAN	+	+	-	-
DCE1_HUMAN	-	+	-	-
F107A_HUMAN	+	+	-	-
C170L_HUMAN	+	-	-	-
TPPC3_HUMAN	+	+	-	-
COX7R_HUMAN	+	+	-	-
UGPA_HUMAN	+	+	-	-
CNTFR_HUMAN	-	+	-	-
PRUN2_HUMAN	-	+	-	-
GFAP_HUMAN	+	+	-	-
GBRD_HUMAN	-	-	+	+
SRGN_HUMAN	-	-	+	+
RB11A_HUMAN	-	-	+	+
SHPS1_HUMAN	+	+	-	-
AQP1_HUMAN	+	+	-	-
EAA3_HUMAN	-	-	+	-
DDX17_HUMAN	+	+	-	-
CD5R1_HUMAN	-	+	-	+
CDK18_HUMAN	+	-	-	-
TEX9_HUMAN	-	+	-	-
PNKD_HUMAN	+	+	-	-
GDS1_HUMAN	+	+	-	-
NDUA5_HUMAN	+	+	-	-
KELL_HUMAN	-	+	-	-
KCRB_HUMAN	+	+	-	-
RAB6A_HUMAN	+	+	-	-
SKT_HUMAN	+	+	-	-
NCS1_HUMAN	-	-	+	+
ODO1_HUMAN	+	+	-	-
ZC4H2_HUMAN	-	-	-	+
RAB37_HUMAN	-	+	-	-
NDUV1_HUMAN	+	+	-	-
SAM50_HUMAN	+	+	-	-
HOME3_HUMAN	-	+	+	+
DOC10_HUMAN	+	+	+	-
ARK72_HUMAN	+	+	-	-
PRPS1_HUMAN	+	+	-	-
KC1E_HUMAN	+	+	-	-
SHLB2_HUMAN	+	+	+	-
CHM4B_HUMAN	+	+	-	-
NCALD_HUMAN	+	+	-	-
ELAV4_HUMAN	-	-	+	-
TRIM2_HUMAN	+	+	-	-
BAALC_HUMAN	-	-	-	+
RGS14_HUMAN	-	-	+	+
BASI_HUMAN	+	+	-	-
NTNG2_HUMAN	-	-	+	-
ODPX_HUMAN	+	+	-	-
KC1D_HUMAN	+	+	-	-
JKIP2_HUMAN	-	+	-	-
RAB2A_HUMAN	-	+	-	-
AL1A1_HUMAN	-	+	-	-
PSD10_HUMAN	-	+	-	-
S100B_HUMAN	-	+	-	-
IGHA1_HUMAN	+	-	-	-
KCND1_HUMAN	-	-	-	+
KCND2_HUMAN	-	-	+	+
KCND3_HUMAN	-	-	+	+
ADDA_HUMAN	+	+	-	+
MBP_HUMAN	+	+	-	-
SRCN1_HUMAN	-	-	+	+
GRIP2_HUMAN	-	-	+	+
CPSF2_HUMAN	-	-	+	-
WIPF2_HUMAN	+	+	-	-
GAS7_HUMAN	+	+	-	-
NCKPL_HUMAN	+	+	-	-
AGRB1_HUMAN	-	-	+	+
AGRL2_HUMAN	-	-	+	-
AGRL1_HUMAN	-	-	-	+
GRM7_HUMAN	-	+	-	+
GRM2_HUMAN	+	+	-	+
5HT2A_HUMAN	-	-	+	+
TBCB_HUMAN	+	+	-	-
BC11A_HUMAN	-	-	+	+
SC6A3_HUMAN	-	-	+	+
VMAT2_HUMAN	-	-	+	-
SC6A4_HUMAN	-	-	+	+
ALDOC_HUMAN	+	+	+	-
ICAM5_HUMAN	+	+	-	-
KAD1_HUMAN	+	+	-	-
OPA1_HUMAN	+	+	-	-
KKCC2_HUMAN	+	+	-	-
ABL2_HUMAN	-	-	+	-
RIN1_HUMAN	+	+	-	-
NUMBL_HUMAN	+	+	+	-
FES_HUMAN	-	+	-	-
ASB7_HUMAN	-	+	-	-
SC6A9_HUMAN	-	-	+	+
P5CR1_HUMAN	-	+	-	-
PICAL_HUMAN	-	+	+	+
CAD13_HUMAN	+	+	-	-
GLSK_HUMAN	+	+	-	-
IF2A_HUMAN	+	+	-	-
PARK7_HUMAN	+	+	-	-
STX12_HUMAN	+	+	+	+
NDUA9_HUMAN	+	+	-	-
ARF5_HUMAN	+	+	-	-
RAB8B_HUMAN	+	+	-	-
DAD1_HUMAN	+	+	-	-
ARF4_HUMAN	-	-	+	-
COPB2_HUMAN	-	+	-	-
THIL_HUMAN	+	+	-	-
MYL4_HUMAN	-	+	-	-
ACLY_HUMAN	+	+	-	-
FUMH_HUMAN	+	+	-	-
RL19_HUMAN	-	+	-	-
SUCA_HUMAN	+	+	-	-
KCC2G_HUMAN	+	+	-	-
DCTN4_HUMAN	+	+	-	-
SFXN3_HUMAN	+	+	-	-
TPP1_HUMAN	+	+	-	-
G6PI_HUMAN	+	+	-	-
VATD_HUMAN	+	+	-	-
SC31A_HUMAN	+	+	-	-
LYRIC_HUMAN	+	+	-	-
HCDH_HUMAN	+	+	-	-
SEPT7_HUMAN	-	-	+	-
TXNL1_HUMAN	+	+	-	-
MCCB_HUMAN	+	+	-	-
IDHP_HUMAN	+	+	-	-
A16A1_HUMAN	+	+	-	-
PLD3_HUMAN	+	+	-	-
HSDL1_HUMAN	+	+	-	-
DCAKD_HUMAN	+	+	-	-
EHD3_HUMAN	+	+	-	-
RAB14_HUMAN	+	+	-	-
VATB2_HUMAN	+	+	-	-
DPYL2_HUMAN	+	+	-	-
VP33A_HUMAN	+	+	-	-
SC22B_HUMAN	+	+	-	-
CCD93_HUMAN	+	+	-	-
HNRPQ_HUMAN	+	+	-	-
QCR1_HUMAN	+	+	-	-
STML2_HUMAN	+	+	-	-
STOM_HUMAN	+	+	-	-
COX41_HUMAN	+	+	-	-
RAB7A_HUMAN	+	+	-	-
ODP2_HUMAN	+	+	-	-
GSTM2_HUMAN	+	+	-	-
RAB12_HUMAN	-	+	-	-
RAB10_HUMAN	+	+	-	-
GPC1_HUMAN	+	+	-	-
QCR2_HUMAN	+	+	-	-
AL3A2_HUMAN	+	+	-	-
PHLB1_HUMAN	+	+	-	-
ACSL3_HUMAN	+	+	-	-
PDIA6_HUMAN	+	+	-	-
DPYL3_HUMAN	+	+	-	-
MVP_HUMAN	+	+	-	-
MMSA_HUMAN	+	+	-	-
BCKD_HUMAN	+	+	-	-
ROA3_HUMAN	-	-	+	+
SYGP1_HUMAN	+	+	+	+
GRM3_HUMAN	-	+	+	+
LIPA4_HUMAN	+	+	-	-
LIPA3_HUMAN	+	+	-	-
LIPA2_HUMAN	+	+	+	-
ITA5_HUMAN	-	-	+	-
LRFN2_HUMAN	-	-	+	+
CLIP1_HUMAN	-	+	-	-
GCYA2_HUMAN	-	+	-	-
CO3_HUMAN	+	+	-	-
CCG2_HUMAN	-	+	+	+
CNKR2_HUMAN	-	+	+	+
CLAP2_HUMAN	+	+	-	-
VAC14_HUMAN	+	+	+	-
BIRC6_HUMAN	-	+	-	-
DIRA2_HUMAN	+	+	-	-
KCC1A_HUMAN	-	-	+	+
KI21A_HUMAN	+	+	-	-
VAT1_HUMAN	+	+	-	-
PLXA1_HUMAN	+	+	-	-
ACBG1_HUMAN	-	+	-	-
MTMR5_HUMAN	+	+	-	-
MARCS_HUMAN	-	-	+	-
MTMRD_HUMAN	+	+	-	-
SNAB_HUMAN	+	+	+	-
SEP11_HUMAN	-	-	+	-
DCLK1_HUMAN	+	+	-	+
RAB15_HUMAN	+	+	-	-
PDE1A_HUMAN	+	+	-	-
MAP6_HUMAN	+	+	-	-
CN37_HUMAN	+	+	-	-
C1TM_HUMAN	+	+	-	-
PACS1_HUMAN	+	+	-	-
TOM34_HUMAN	+	+	-	-
GRASP_HUMAN	-	-	+	+
EFNB3_HUMAN	-	-	+	+
FBX41_HUMAN	+	+	-	-
NEB1_HUMAN	+	+	+	+
BAZ1B_HUMAN	-	+	-	-
GRM5_HUMAN	+	+	+	+
NLGN2_HUMAN	+	+	+	+
SYNE1_HUMAN	+	+	+	+
CXB6_HUMAN	-	+	-	-
UCRI_HUMAN	+	+	-	-
KLH17_HUMAN	-	-	+	+
LRC4C_HUMAN	-	-	+	+
LPAR1_HUMAN	-	-	+	-
EXOC3_HUMAN	+	+	-	-
NB5R1_HUMAN	+	+	-	-
KIFA3_HUMAN	-	+	-	-
VA0D1_HUMAN	+	+	-	-
SACS_HUMAN	+	+	-	-
PI42B_HUMAN	+	+	-	-
PKHA5_HUMAN	+	+	+	+
CEND_HUMAN	+	+	-	-
GDIA_HUMAN	+	+	-	-
PCD17_HUMAN	-	-	+	+
PCDH8_HUMAN	-	-	+	+
AGRIN_HUMAN	-	+	-	-
STXB4_HUMAN	-	-	+	-
AT1A3_HUMAN	+	+	+	-
FPPS_HUMAN	+	+	-	-
RPGF4_HUMAN	+	+	+	-
BACH_HUMAN	+	+	-	-
KALRN_HUMAN	+	+	+	+
SNX6_HUMAN	+	+	+	-
HECW1_HUMAN	+	+	-	-
NSMF_HUMAN	-	-	+	+
EXOC5_HUMAN	+	+	-	-
MAGE1_HUMAN	-	-	-	+
EFNB2_HUMAN	-	-	+	+
PDE4D_HUMAN	-	+	-	-
CYLD_HUMAN	+	+	-	-
SYUA_HUMAN	-	+	-	-
TCTP_HUMAN	-	+	-	-
RAGE_HUMAN	-	+	-	-
EFHD2_HUMAN	+	+	-	-
PAR4_HUMAN	-	+	-	-
VEGFA_HUMAN	-	+	-	-
CALB1_HUMAN	-	-	+	+
TRIM3_HUMAN	+	+	+	-
VATC1_HUMAN	+	+	-	-
FIS1_HUMAN	+	+	-	-
PLCB4_HUMAN	+	+	+	-
ZWINT_HUMAN	-	+	-	-
MUSK_HUMAN	-	-	-	+
RAPSN_HUMAN	-	-	+	+
CPLX1_HUMAN	-	-	+	-
FIBB_HUMAN	+	+	-	-
FIBG_HUMAN	+	+	-	-
GLRB_HUMAN	-	-	+	+
TENR_HUMAN	+	+	-	-
PI51C_HUMAN	+	+	+	-
UBC12_HUMAN	+	+	-	-
GSTK1_HUMAN	+	+	-	-
SMC3_HUMAN	-	+	-	-
TMM33_HUMAN	-	+	-	-
PUR9_HUMAN	+	+	-	-
UBP15_HUMAN	+	+	-	-
EPB41_HUMAN	+	+	-	-
EXT2_HUMAN	-	+	-	-
TAGL2_HUMAN	+	+	-	-
PESC_HUMAN	-	+	-	-
G3BP2_HUMAN	-	+	-	-
ICA69_HUMAN	-	+	-	-
VP26A_HUMAN	-	+	-	-
VPS18_HUMAN	+	+	-	-
NCDN_HUMAN	+	+	-	-
RL34_HUMAN	-	-	+	-
DGKB_HUMAN	+	+	+	+
TNIK_HUMAN	-	+	+	+
AT1A4_HUMAN	+	+	-	-
PGRC1_HUMAN	-	+	-	-
GHC1_HUMAN	+	+	-	-
MYH11_HUMAN	+	+	-	-
FABP5_HUMAN	-	+	-	+
EXOC1_HUMAN	+	+	-	-
UBE4A_HUMAN	+	+	-	-
NDUB6_HUMAN	+	+	-	-
PSA_HUMAN	+	+	-	-
QOR_HUMAN	+	+	-	-
CHM1A_HUMAN	+	+	-	-
KCY_HUMAN	+	+	-	-
DUS3_HUMAN	+	+	-	-
AP3D1_HUMAN	+	+	+	-
RBGPR_HUMAN	+	+	-	-
RB3GP_HUMAN	+	+	-	-
RAB5C_HUMAN	+	+	-	-
CALL5_HUMAN	-	+	-	-
GDIB_HUMAN	+	+	-	-
LETM1_HUMAN	+	+	-	-
S10A9_HUMAN	-	+	-	-
ST32C_HUMAN	+	+	-	-
CYB5B_HUMAN	-	+	-	-
RL36A_HUMAN	-	-	+	-
PMVK_HUMAN	+	+	-	-
KCRU_HUMAN	+	+	-	-
TSN7_HUMAN	-	-	+	-
TFAM_HUMAN	+	+	-	-
KPTN_HUMAN	-	-	+	+
RAB21_HUMAN	+	+	-	-
BCAS1_HUMAN	+	+	-	-
COPD_HUMAN	+	+	-	-
UBE3C_HUMAN	+	+	-	-
IRGQ_HUMAN	+	+	-	-
CMC1_HUMAN	+	+	-	-
GLOD4_HUMAN	+	+	-	-
COX2_HUMAN	+	-	-	-
HIG1A_HUMAN	+	+	-	-
PAK6_HUMAN	-	-	+	-
NUDC2_HUMAN	+	+	-	-
TBG2_HUMAN	+	-	-	-
SPIR1_HUMAN	+	+	-	-
DJC11_HUMAN	+	+	-	-
S27A4_HUMAN	+	+	-	-
PDXK_HUMAN	+	+	-	-
COX5B_HUMAN	+	+	-	-
ARP3B_HUMAN	-	+	-	-
ACTZ_HUMAN	+	+	-	-
PURA_HUMAN	+	+	+	-
PIPNA_HUMAN	+	+	-	-
VATA_HUMAN	+	+	-	-
BAF_HUMAN	-	+	-	-
CA2D3_HUMAN	-	+	-	-
WDR48_HUMAN	+	+	-	-
FLRT3_HUMAN	-	-	+	+
APCL_HUMAN	-	-	+	-
GBG3_HUMAN	+	+	-	+
DDRGK_HUMAN	+	+	-	-
COR1A_HUMAN	+	+	-	-
SNX2_HUMAN	+	+	-	-
UBP14_HUMAN	+	+	-	-
HSDL2_HUMAN	+	+	-	-
NDUS1_HUMAN	+	+	-	-
RL37_HUMAN	-	-	+	-
LRC40_HUMAN	+	+	-	-
EFR3A_HUMAN	-	+	-	-
CISD1_HUMAN	+	+	-	-
CP1B1_HUMAN	-	+	-	-
TRAP1_HUMAN	+	+	-	-
RHG21_HUMAN	+	+	-	-
ATLA2_HUMAN	+	+	-	-
ACSL4_HUMAN	+	+	-	-
LANC1_HUMAN	+	+	-	-
AHNK_HUMAN	+	+	-	-
ANK2_HUMAN	+	+	-	+
NFM_HUMAN	+	+	+	-
NOE1_HUMAN	+	+	-	-
PPM1E_HUMAN	-	+	-	-
PDE4B_HUMAN	-	+	-	+
GBRA1_HUMAN	+	+	+	+
GBRG2_HUMAN	-	-	+	+
MFN2_HUMAN	+	+	-	-
EPHA4_HUMAN	+	+	+	+
TPPP_HUMAN	+	+	-	+
VPS4A_HUMAN	+	+	-	-
GNA11_HUMAN	+	+	-	-
ADCY8_HUMAN	-	-	-	+
IRPL1_HUMAN	-	+	+	+
PKHA6_HUMAN	+	+	-	-
SH3L2_HUMAN	-	+	-	-
AT2B2_HUMAN	+	+	+	+
SPTB1_HUMAN	+	+	+	-
EPB42_HUMAN	+	+	-	-
CACB3_HUMAN	+	+	-	-
CABP1_HUMAN	-	-	+	+
ADA10_HUMAN	-	-	+	+
AOFA_HUMAN	+	+	-	-
PERM_HUMAN	+	+	-	-
HOME2_HUMAN	+	+	+	+
VAPB_HUMAN	+	+	-	-
CNDP2_HUMAN	+	+	-	-
IDH3G_HUMAN	-	+	-	-
LZTS1_HUMAN	-	+	+	+
CY1_HUMAN	-	+	-	-
DHPR_HUMAN	+	+	-	-
C1QC_HUMAN	+	+	-	-
TLN2_HUMAN	+	+	-	-
CA2D2_HUMAN	+	+	-	-
DCC_HUMAN	-	-	+	+
CMC2_HUMAN	+	+	-	-
EXOC6_HUMAN	+	+	-	-
NDUS2_HUMAN	+	+	-	-
NDUS3_HUMAN	+	+	-	-
ACOT8_HUMAN	+	+	-	-
MYO5C_HUMAN	-	+	-	-
NDUA8_HUMAN	-	+	-	-
CNTN2_HUMAN	+	+	+	+
MTX2_HUMAN	-	+	-	-
NEUM_HUMAN	+	+	+	+
AL1L1_HUMAN	+	+	-	-
DHRS4_HUMAN	-	+	-	-
MT3_HUMAN	-	-	-	+
WNT5A_HUMAN	-	-	+	-
RFIP5_HUMAN	+	+	-	-
NDUBA_HUMAN	+	+	-	-
RN19A_HUMAN	-	-	+	-
NDUB4_HUMAN	+	+	-	-
NDUAA_HUMAN	+	+	-	-
ARM10_HUMAN	-	+	-	-
AT12A_HUMAN	+	+	-	-
NNTM_HUMAN	+	+	-	-
FAAH1_HUMAN	+	+	-	-
ACM3_HUMAN	-	-	+	+
RHG26_HUMAN	+	+	-	-
KANK2_HUMAN	+	+	-	-
MIC25_HUMAN	+	+	-	-
STX3_HUMAN	-	-	+	-
SGMR1_HUMAN	-	-	-	+
WDR6_HUMAN	-	+	-	-
HCN2_HUMAN	-	+	-	-
CNTP1_HUMAN	+	+	-	-
NFASC_HUMAN	+	+	-	-
DOCK3_HUMAN	+	+	-	-
CDKL5_HUMAN	+	+	+	-
SNX12_HUMAN	+	+	-	-
RGS7_HUMAN	+	+	+	-
HIBCH_HUMAN	+	+	-	-
PERE_HUMAN	+	+	-	-
GBRA3_HUMAN	-	-	+	+
LRRC4_HUMAN	-	-	+	+
GPX1_HUMAN	+	+	-	-
ENOB_HUMAN	+	+	-	-
CALB2_HUMAN	-	+	-	-
SUCB1_HUMAN	+	+	-	-
DDAH1_HUMAN	+	+	-	-
ERLN2_HUMAN	+	+	-	-
HPCA_HUMAN	+	+	+	-
CALD1_HUMAN	-	-	+	-
TPM4_HUMAN	+	+	-	-
KIF2C_HUMAN	+	+	-	-
CAN1_HUMAN	+	+	-	-
AP3B2_HUMAN	+	+	-	-
GNL1_HUMAN	+	+	-	-
CRTC1_HUMAN	-	-	+	+
NCHL1_HUMAN	+	+	-	-
NEBL_HUMAN	+	+	-	-
DGKI_HUMAN	-	-	+	+
AA2AR_HUMAN	-	-	+	+
DOCK5_HUMAN	+	+	-	-
CTTB2_HUMAN	-	+	+	+
PYC_HUMAN	+	+	-	-
MCCA_HUMAN	-	+	-	-
PCCA_HUMAN	+	+	-	-
GOSR1_HUMAN	-	+	-	-
VPS45_HUMAN	+	+	-	-
HOOK3_HUMAN	+	+	-	-
XRP2_HUMAN	-	+	-	-
PDE2A_HUMAN	+	+	-	-
PJA2_HUMAN	-	-	-	+
S12A5_HUMAN	+	+	-	-
UBXN6_HUMAN	+	+	-	-
TPPC9_HUMAN	+	+	-	-
LMTK2_HUMAN	+	+	-	-
CSTN3_HUMAN	-	-	+	+
THY1_HUMAN	-	+	-	-
VGF_HUMAN	+	+	-	-
RASL1_HUMAN	+	+	-	-
PCLO_HUMAN	+	+	-	+
VPP1_HUMAN	+	+	-	-
RFIP3_HUMAN	-	-	+	-
ERG24_HUMAN	-	+	-	-
AK1C1_HUMAN	+	+	-	-
KPYR_HUMAN	-	+	-	-
NEUL1_HUMAN	-	-	-	+
TANC1_HUMAN	-	-	+	+
MINK1_HUMAN	+	+	-	+
STX1B_HUMAN	+	+	-	-
CSRP1_HUMAN	+	+	-	-
LRC47_HUMAN	+	+	-	-
NDUA2_HUMAN	+	+	-	-
AGK_HUMAN	+	+	-	-
ADT4_HUMAN	+	+	-	-
SCRN1_HUMAN	+	+	-	-
EAA2_HUMAN	+	+	-	-
NPTN_HUMAN	+	+	+	+
IQEC1_HUMAN	+	+	+	+
IQEC2_HUMAN	+	+	+	-
CRYM_HUMAN	+	+	-	-
CA2D1_HUMAN	+	+	+	-
AT1B2_HUMAN	+	+	-	-
SSDH_HUMAN	+	+	-	-
MYPR_HUMAN	+	+	-	-
PGM2L_HUMAN	+	+	-	-
TAGL3_HUMAN	+	+	-	-
TMOD2_HUMAN	+	+	-	-
LGI1_HUMAN	+	+	+	-
AMPL_HUMAN	+	+	-	-
FA81A_HUMAN	-	+	+	-
GPDM_HUMAN	+	+	-	-
S4A4_HUMAN	+	+	-	-
PRRT1_HUMAN	+	+	+	+
GPX4_HUMAN	+	+	-	-
NETO1_HUMAN	-	-	+	+
LRRT1_HUMAN	-	+	+	+
FBX2_HUMAN	+	+	+	-
DUS10_HUMAN	-	+	-	-
NAC1_HUMAN	-	-	+	+
PGAM2_HUMAN	-	+	-	-
KGUA_HUMAN	+	+	-	-
ANXA7_HUMAN	+	+	-	-
MYO1E_HUMAN	+	+	-	-
VGLU1_HUMAN	+	+	-	-
PRIC2_HUMAN	-	+	-	-
CC124_HUMAN	+	+	-	-
C2D1A_HUMAN	+	+	-	-
CPT1A_HUMAN	+	+	-	-
DC1L1_HUMAN	+	+	-	-
RGPA1_HUMAN	+	-	-	-
TPA_HUMAN	-	-	+	-
SYCP1_HUMAN	-	+	-	-
SNX27_HUMAN	+	+	+	-
RHG22_HUMAN	-	-	+	-
RFTN1_HUMAN	+	+	-	-
SAHH2_HUMAN	+	+	-	-
ATLA1_HUMAN	+	+	-	-
TCPW_HUMAN	+	+	-	-
COG3_HUMAN	+	+	-	-
SPA2L_HUMAN	-	+	-	-
FBSP1_HUMAN	-	-	+	+
ATAD1_HUMAN	+	+	+	+
ECI2_HUMAN	+	-	-	-
RENR_HUMAN	-	-	-	+
RIMB2_HUMAN	+	+	-	-
UBP46_HUMAN	-	-	+	-
UBP50_HUMAN	-	-	-	+
ANFY1_HUMAN	+	+	-	-
MPP7_HUMAN	+	+	-	-
VPS16_HUMAN	+	+	-	-
VPS39_HUMAN	+	+	-	-
ATP4A_HUMAN	+	+	-	-
ZNT3_HUMAN	-	+	-	-
AT1A2_HUMAN	+	+	-	-
GPM6A_HUMAN	-	+	-	-
AMPD2_HUMAN	+	+	-	-
TACC3_HUMAN	-	-	+	-
T11L1_HUMAN	+	+	-	-
R4RL2_HUMAN	+	+	-	-
PPIL1_HUMAN	+	+	-	-
INF2_HUMAN	+	+	-	-
PLXA3_HUMAN	+	+	-	-
PLEK_HUMAN	-	+	-	-
AIFM3_HUMAN	+	+	-	-
NDUAC_HUMAN	+	+	-	-
NDUB7_HUMAN	+	+	-	-
CX6B1_HUMAN	+	+	-	-
AAK1_HUMAN	+	+	-	-
OPRD_HUMAN	-	-	+	+
OPRM_HUMAN	-	-	+	+
ACM1_HUMAN	-	-	+	+
ACM2_HUMAN	-	-	+	+
5HT7R_HUMAN	-	-	+	-
RGS9_HUMAN	-	-	+	+
GP158_HUMAN	+	+	-	-
SCN8A_HUMAN	-	-	+	-
TICN1_HUMAN	-	-	-	+
AGRB3_HUMAN	-	-	+	-
F1711_HUMAN	+	+	-	-
SCD_HUMAN	+	-	-	-
ERC2_HUMAN	+	+	-	-
DAAM2_HUMAN	+	+	-	-
GBRA2_HUMAN	-	-	+	+
LIMC1_HUMAN	+	+	-	-
AGRL3_HUMAN	-	-	+	-
CPLX2_HUMAN	-	-	+	-
EXC6B_HUMAN	+	+	-	-
PGCB_HUMAN	+	+	-	-
SGIP1_HUMAN	+	+	-	-
KIF2A_HUMAN	+	+	-	-
ACTN3_HUMAN	+	+	-	-
DOCK9_HUMAN	+	+	-	-
MTMRE_HUMAN	-	+	-	-
SFXN5_HUMAN	+	+	-	-
BDH_HUMAN	-	+	-	-
GHC2_HUMAN	+	+	-	-
CBLN1_HUMAN	-	+	+	+
PURB_HUMAN	+	+	-	-
GNA14_HUMAN	+	+	-	-
TAOK1_HUMAN	+	+	-	-
DJC13_HUMAN	+	+	-	-
CAPG_HUMAN	+	+	-	-
TANC2_HUMAN	-	-	+	-
NRG1_HUMAN	-	-	+	+
MPP2_HUMAN	+	+	+	+
ACM4_HUMAN	-	-	+	+
WNT3A_HUMAN	-	-	+	-
KCNH1_HUMAN	-	-	-	+
PYGB_HUMAN	+	+	-	-
PLXA4_HUMAN	+	+	-	-
SLIK1_HUMAN	-	-	+	+
AT2B3_HUMAN	+	+	-	-
ADDB_HUMAN	+	+	+	+
ACM5_HUMAN	-	-	-	+
CAN5_HUMAN	+	+	-	-
CTNA2_HUMAN	+	+	+	-
NU2M_HUMAN	-	-	-	+
GLPK_HUMAN	+	+	-	-
MTCH2_HUMAN	+	+	-	-
EDAD_HUMAN	+	+	-	-
DHB12_HUMAN	+	+	-	-
GPC4_HUMAN	-	-	+	-
K1C24_HUMAN	-	+	-	-
GPC6_HUMAN	-	-	+	-
DIP2B_HUMAN	+	+	-	-
SNAG_HUMAN	+	+	-	-
ESYT2_HUMAN	+	-	-	-
ARI3B_HUMAN	-	+	-	-
PDK3_HUMAN	+	+	-	-
SYHM_HUMAN	+	+	-	-
CPT2_HUMAN	-	+	-	-
ARHG9_HUMAN	-	+	+	+
ABLM2_HUMAN	+	+	-	-
DRD4_HUMAN	-	-	+	-
AOFB_HUMAN	+	+	-	-
CADH4_HUMAN	+	+	-	-
LRRT4_HUMAN	-	-	+	+
PHAR1_HUMAN	+	+	-	-
CCG8_HUMAN	-	-	+	+
CAC1E_HUMAN	-	-	+	-
CCD22_HUMAN	+	+	-	-
VPS52_HUMAN	+	+	-	-
DACT1_HUMAN	-	-	+	-
RIMS3_HUMAN	-	-	+	-
RUSC1_HUMAN	-	-	-	+
CYBR1_HUMAN	+	+	-	-
AVPI1_HUMAN	-	+	-	-
SAC1_HUMAN	+	+	+	-
PLLP_HUMAN	+	+	-	-
DCX_HUMAN	+	+	-	-
VATE2_HUMAN	+	+	-	-
SNG1_HUMAN	-	+	-	-
AB17A_HUMAN	-	-	+	+
CPEB3_HUMAN	-	+	+	+
CPEB4_HUMAN	-	-	+	+
PADI2_HUMAN	+	+	-	-
OPHN1_HUMAN	-	-	+	-
TEN2_HUMAN	-	-	+	+
NPTX2_HUMAN	-	-	+	-
GBRR1_HUMAN	-	-	-	+
NDRG2_HUMAN	+	+	-	-
CEL_HUMAN	-	-	-	+
BLVRB_HUMAN	+	+	-	-
CAH4_HUMAN	+	+	-	-
WASF3_HUMAN	+	+	+	-
NEUG_HUMAN	-	+	+	+
GBRA4_HUMAN	+	+	+	+
ARFG3_HUMAN	-	+	-	-
P2RX4_HUMAN	-	-	-	+
CAH1_HUMAN	+	+	-	-
ST14_HUMAN	-	+	-	-
STXB3_HUMAN	+	+	-	-
CCNG2_HUMAN	-	+	-	-
AP3S2_HUMAN	+	+	-	-
GBRB1_HUMAN	-	-	+	+
MCR_HUMAN	-	-	+	-
ABHD6_HUMAN	-	-	+	+
PRR12_HUMAN	-	-	-	+
B3GA3_HUMAN	+	+	-	-
RGS17_HUMAN	-	+	-	-
KBRS1_HUMAN	-	+	-	-
SAR1A_HUMAN	+	+	-	-
MOT2_HUMAN	-	-	+	-
WIF1_HUMAN	-	+	-	-
EAA5_HUMAN	-	-	+	-
DCLK2_HUMAN	+	+	-	-
GPC5B_HUMAN	+	+	-	-
TM40L_HUMAN	+	+	-	-
PRR7_HUMAN	+	+	+	+
DSRAD_HUMAN	-	+	-	-
THIK_HUMAN	+	+	-	-
AL4A1_HUMAN	+	+	-	-
PAR1_HUMAN	-	-	-	+
TFR2_HUMAN	-	-	+	-
DECR2_HUMAN	+	+	-	-
GLSL_HUMAN	-	+	-	-
OGDHL_HUMAN	+	+	-	-
AT131_HUMAN	+	+	-	-
RAPH1_HUMAN	+	+	-	-
SH2D5_HUMAN	-	-	-	+
RAB3C_HUMAN	+	+	-	-
DTD1_HUMAN	-	+	-	-
PLPP_HUMAN	+	+	-	-
PAR2_HUMAN	-	+	-	-
HECW2_HUMAN	+	+	-	-
ZDHC5_HUMAN	-	-	+	-
INSY1_HUMAN	-	-	-	+
IGS11_HUMAN	-	-	-	+
NEGR1_HUMAN	+	+	-	-
CD9_HUMAN	+	+	-	-
SCAI_HUMAN	+	-	-	-
TMED3_HUMAN	-	+	-	-
GPI8_HUMAN	-	+	-	-
TM108_HUMAN	-	-	-	+
TIP_HUMAN	-	+	-	-
AGAP1_HUMAN	+	+	-	-
KCC4_HUMAN	-	-	+	-
FARP1_HUMAN	+	+	+	+
PPR29_HUMAN	+	+	-	-
FKB15_HUMAN	+	+	-	-
KCNB1_HUMAN	-	-	+	+
SYT6_HUMAN	-	-	+	-
SYT7_HUMAN	+	+	-	-
DEND_HUMAN	-	-	-	+
NAC3_HUMAN	-	-	+	+
NAC2_HUMAN	+	+	+	+
DMXL2_HUMAN	+	+	-	-
CAND2_HUMAN	+	+	-	-
CLMN_HUMAN	-	+	-	-
AK1C2_HUMAN	+	+	-	-
NEO1_HUMAN	+	+	-	-
MACD1_HUMAN	+	+	-	-
LRC4B_HUMAN	-	-	+	+
MAGF1_HUMAN	-	+	-	-
GDN_HUMAN	-	+	-	-
HPLN1_HUMAN	+	+	-	-
AUXI_HUMAN	+	+	-	+
TRPV1_HUMAN	-	-	-	+
WLS_HUMAN	-	-	+	-
CLPT1_HUMAN	-	-	+	-
MOT4_HUMAN	-	-	+	+
PLCE_HUMAN	+	+	-	-
SMCA1_HUMAN	-	+	-	-
LRFN4_HUMAN	-	-	+	+
FBX31_HUMAN	-	+	-	-
S14L2_HUMAN	+	+	-	-
REV3L_HUMAN	-	+	-	-
TJAP1_HUMAN	-	+	-	-
ACHA_HUMAN	-	-	+	+
ARBK2_HUMAN	-	-	+	-
GBRB3_HUMAN	-	-	+	+
PSD2_HUMAN	-	-	+	-
KCD16_HUMAN	+	+	-	+
OXR1_HUMAN	+	+	-	-
ACSL6_HUMAN	+	+	-	-
AQP4_HUMAN	+	+	-	-
SNG3_HUMAN	+	+	-	-
WDR7_HUMAN	+	+	-	-
DAB2P_HUMAN	+	+	-	-
FKB1B_HUMAN	+	+	-	-
KGP2_HUMAN	-	+	-	-
NSG1_HUMAN	-	-	+	+
MRP_HUMAN	+	+	-	-
CAC1H_HUMAN	-	-	+	-
CDKL2_HUMAN	-	+	-	-
LZTS3_HUMAN	-	-	+	+
ACHA5_HUMAN	-	-	-	+
ATAT_HUMAN	+	-	-	-
P2RX6_HUMAN	-	-	+	+
ROR2_HUMAN	-	-	+	-
KCTD8_HUMAN	+	+	-	+
RGS6_HUMAN	-	+	-	-
ADDG_HUMAN	+	+	-	+
OPCM_HUMAN	+	+	-	-
PALM_HUMAN	+	+	-	+
IGSF8_HUMAN	+	+	-	-
GNAS1_HUMAN	+	+	-	-
TTC7B_HUMAN	+	+	-	-
LMNB2_HUMAN	+	+	-	-
COXM1_HUMAN	+	+	-	-
CSPG2_HUMAN	+	+	-	-
ANK1_HUMAN	+	+	-	-
CLCN3_HUMAN	-	-	+	+
AGAP3_HUMAN	+	+	+	-
AP3S1_HUMAN	+	+	-	-
DIRA1_HUMAN	-	+	-	-
HCN1_HUMAN	-	-	+	-
PTC1_HUMAN	-	-	-	+
RAB4B_HUMAN	+	+	-	-
SC6A1_HUMAN	-	-	+	+
GNAZ_HUMAN	+	+	-	-
COR2A_HUMAN	+	+	-	-
SRR_HUMAN	-	+	-	-
LFG2_HUMAN	-	-	-	+
NLGNX_HUMAN	-	-	-	+
CACP_HUMAN	+	+	-	-
NUCG_HUMAN	-	+	-	-
SHC4_HUMAN	-	-	-	+
SNP47_HUMAN	-	-	+	-
ITAX_HUMAN	-	+	-	-
AT8A2_HUMAN	+	+	-	-
AT8A1_HUMAN	+	+	-	-
FABP7_HUMAN	+	+	-	-
SYAP1_HUMAN	-	-	-	+
RHG39_HUMAN	-	-	+	-
TIM14_HUMAN	+	+	-	-
SORC2_HUMAN	-	-	-	+
TENA_HUMAN	+	+	-	-
GAPR1_HUMAN	+	+	-	-
5NTD_HUMAN	+	+	-	-
NRN1_HUMAN	+	+	-	-
ACHG_HUMAN	-	-	+	+
ACYP2_HUMAN	+	+	-	-
CRAC1_HUMAN	+	+	-	-
RGS8_HUMAN	-	+	-	-
GLD2_HUMAN	-	-	+	-
NGDN_HUMAN	-	-	+	-
S2546_HUMAN	+	+	-	-
GSG1L_HUMAN	-	-	+	+
NINJ2_HUMAN	+	+	-	-
GHRL_HUMAN	-	-	+	-
K0513_HUMAN	+	+	-	-
ACHA3_HUMAN	-	-	+	+
ACHB4_HUMAN	-	-	+	+
ACHB2_HUMAN	-	-	+	+
MIC27_HUMAN	+	+	-	-
MIC26_HUMAN	-	+	-	-
A0A1W2PN81_HUMAN	-	-	-	+
DOC2A_HUMAN	-	+	-	-
C1QL2_HUMAN	-	-	+	-
T126A_HUMAN	+	+	-	-
LRC8A_HUMAN	+	+	-	-
ZNT1_HUMAN	-	-	+	+
MECR_HUMAN	-	+	-	-
APOL2_HUMAN	+	+	-	-
KGD4_HUMAN	+	+	-	-
FN3K_HUMAN	+	+	-	-
SC6A8_HUMAN	-	-	+	-
NETO2_HUMAN	-	-	+	+
RAP2C_HUMAN	+	+	-	-
NPTX1_HUMAN	+	+	+	-
GDAP1_HUMAN	+	+	-	-
CMTD1_HUMAN	-	+	-	-
ACBD5_HUMAN	+	+	-	-
ARFG2_HUMAN	+	+	-	-
GRIN1_HUMAN	+	+	-	-
CALY_HUMAN	-	-	+	+
5HT3A_HUMAN	-	-	+	+
5HT3B_HUMAN	-	-	-	+
SCD5_HUMAN	-	+	-	-
ANO6_HUMAN	-	-	+	-
SC6A6_HUMAN	-	-	+	+
KCNC4_HUMAN	-	-	+	-
EFR3B_HUMAN	+	+	-	-
MFF_HUMAN	+	+	-	-
ABHEB_HUMAN	-	+	-	-
TMUB1_HUMAN	-	-	-	+
AP3M2_HUMAN	+	+	-	-
LRC57_HUMAN	+	+	-	-
FZD9_HUMAN	-	-	+	-
KBTBB_HUMAN	+	+	-	-
CQ10B_HUMAN	+	+	-	-
ACHA6_HUMAN	-	-	+	+
ARVC_HUMAN	-	+	-	-
AGRA1_HUMAN	-	-	+	+
HPLN2_HUMAN	+	+	-	-
SHSA6_HUMAN	-	-	+	+
CLIP3_HUMAN	+	+	-	-
CNIH3_HUMAN	-	-	+	+
INSY2_HUMAN	-	-	-	+
GLRA1_HUMAN	-	-	+	+
B3A3_HUMAN	-	+	-	-
ZDH15_HUMAN	-	-	-	+
DGLA_HUMAN	-	-	+	+
GOG7B_HUMAN	+	+	-	-
CNIH2_HUMAN	-	-	+	+
KCNC1_HUMAN	-	-	+	+
ETFD_HUMAN	-	+	-	-
LIME1_HUMAN	-	+	-	-
LRRT2_HUMAN	-	-	+	+
CCG7_HUMAN	-	-	+	+
SNPH_HUMAN	+	+	-	-
DGKQ_HUMAN	-	-	+	-
DRD5_HUMAN	-	-	+	-
P2RX1_HUMAN	-	-	+	+
GBRT_HUMAN	-	-	-	+
LHPL4_HUMAN	-	-	+	+
VPS53_HUMAN	+	+	-	-
PDE8A_HUMAN	+	+	-	-
FGD4_HUMAN	-	+	-	-
SCPDL_HUMAN	+	+	-	-
PLPL6_HUMAN	+	+	-	-
AUHM_HUMAN	+	+	-	-
FMN2_HUMAN	+	+	-	-
LRFN3_HUMAN	-	-	+	+
ACHA9_HUMAN	-	-	+	+
SL9A6_HUMAN	-	-	+	-
ITA8_HUMAN	-	-	+	+
CCG3_HUMAN	-	+	+	+
CCG5_HUMAN	-	-	+	+
GBRE_HUMAN	-	-	+	+
PCDB6_HUMAN	-	+	-	-
PALM2_HUMAN	+	-	-	-
PCDBD_HUMAN	-	-	-	+
ENPP6_HUMAN	+	+	-	-
GBRG1_HUMAN	-	-	-	+
GBRA5_HUMAN	-	-	+	+
CPNE5_HUMAN	+	+	-	-
ACHD_HUMAN	-	-	+	+
GBRA6_HUMAN	-	-	+	+
FRS1L_HUMAN	-	-	+	-
ACHB3_HUMAN	-	-	-	+
CCG4_HUMAN	-	-	+	+
GLRA3_HUMAN	-	-	+	+
RHG23_HUMAN	+	+	-	-
GRD2I_HUMAN	-	-	+	+
PSD3_HUMAN	+	+	-	+
DRD1_HUMAN	-	-	+	+
GRIK1_HUMAN	-	-	+	+
NRP2_HUMAN	-	-	+	+
PEX5R_HUMAN	-	+	-	-
C1QL3_HUMAN	-	-	+	-
DRD3_HUMAN	-	-	+	+
SGSM1_HUMAN	+	+	-	-
FLIP1_HUMAN	-	-	+	-
NCAN_HUMAN	+	+	+	-
PLPR4_HUMAN	-	-	+	+
GRIK3_HUMAN	-	-	-	+
IQEC3_HUMAN	+	+	+	+
SHSA7_HUMAN	-	-	+	+
T132B_HUMAN	-	+	-	-
ASTN1_HUMAN	-	+	-	-
TTYH1_HUMAN	-	+	-	-
5HT5A_HUMAN	-	-	+	+
ADCY1_HUMAN	-	-	+	+
ASTN2_HUMAN	-	+	-	-
SSPN_HUMAN	-	-	-	+
OMGP_HUMAN	+	+	-	-
SAM14_HUMAN	-	-	-	+
CODA1_HUMAN	-	-	-	+
GPR85_HUMAN	-	+	-	-
SHSA9_HUMAN	-	-	+	+
SEM4F_HUMAN	-	-	+	+
SLIK3_HUMAN	-	-	+	+
TUTLB_HUMAN	-	-	+	+
TBC24_HUMAN	+	+	-	-
LYNX1_HUMAN	+	+	-	-
R7BP_HUMAN	-	-	+	+
GHSR_HUMAN	-	-	+	-
AB17C_HUMAN	-	-	+	+
PORCN_HUMAN	-	-	+	-
STC1_HUMAN	-	+	-	-
S6A11_HUMAN	-	-	+	+
RN112_HUMAN	-	-	-	+
SMS_HUMAN	-	-	+	-
MCH_HUMAN	-	+	-	-
NPTXR_HUMAN	-	-	+	-
BTBDH_HUMAN	-	+	-	-
ZDHC2_HUMAN	-	-	-	+
C2C4C_HUMAN	+	-	-	-
MA6D1_HUMAN	+	+	-	-
CK2N1_HUMAN	-	-	-	+
ISK5_HUMAN	-	+	-	-
CPEB2_HUMAN	-	-	+	-
CADH9_HUMAN	-	-	+	-
GRIK4_HUMAN	-	-	+	+
KCNC2_HUMAN	-	-	-	+
ACHE_HUMAN	-	-	+	+
NMD3B_HUMAN	-	-	+	+
GBRR3_HUMAN	-	-	-	+
S27A1_HUMAN	+	+	-	-
SAMC_HUMAN	+	-	-	-
SNX14_HUMAN	-	-	+	-
5NT1B_HUMAN	+	+	-	-
AB17B_HUMAN	-	-	+	+
PROD_HUMAN	+	+	-	-
GPER1_HUMAN	-	-	+	+
GBRG3_HUMAN	-	-	+	+
SLIK2_HUMAN	-	-	+	-
NLGNY_HUMAN	-	-	-	+
KCNC3_HUMAN	-	-	+	+
LRRT3_HUMAN	-	-	+	+
CSTN2_HUMAN	-	-	+	+
PDE11_HUMAN	-	+	-	-
SHSA8_HUMAN	-	-	-	+
CPT1C_HUMAN	-	-	+	-
GBRP_HUMAN	-	-	-	+
GD1L1_HUMAN	+	+	-	-
PPAT_HUMAN	-	-	-	+
LRFN5_HUMAN	-	-	+	+
ACH10_HUMAN	-	-	+	+
ACHA2_HUMAN	-	-	-	+
GBRR2_HUMAN	-	-	+	+
CHM4P_HUMAN	-	-	+	-
F10A5_HUMAN	+	-	-	-
